epoch,step,test_accuracy,test_loss,train_accuracy_epoch,train_accuracy_step,train_loss,valid_accuracy,valid_loss
0,44,,,,,,0.8765000104904175,0.3144579827785492
0,44,,,0.8282608985900879,,0.4149874448776245,,
1,49,,,,0.9296875,,,
1,89,,,,,,0.8964999914169312,0.2765320837497711
1,89,,,0.9234782457351685,,0.21375396847724915,,
2,90,0.8790000081062317,0.3019545376300812,,,,,
2,90,0.8790000081062317,0.3019545376300812,,,,,
2,90,0.8790000081062317,0.3019545376300812,,,,,
